{
  "canvas": [
    1152,
    2048
  ],
  "scalePxPerBp": 3.41333,
  "window": {
    "x0": 530.9805770653952,
    "y0": -130.0,
    "w": 337.5,
    "h": 600.0
  },
  "run": {
    "x0": 605.4805770653952,
    "y0": -122.0,
    "x1": 775.4805770653952,
    "y1": 444.0
  },
  "arrow": [
    778.0,
    96.0,
    838.0,
    232.0
  ],
  "arrowRazed": [
    778.0,
    292.0,
    838.0,
    400.0
  ],
  "wallX": 701.48,
  "period": 36.72,
  "gateRows": [
    4,
    5
  ],
  "painted": {
    "1": "cracked",
    "7": "razed"
  },
  "exemplar": {
    "intact": 8,
    "cracked": 1,
    "razed": 7
  }
}
