{
  "canvas": [
    1152,
    2048
  ],
  "scalePxPerBp": 3.41333,
  "window": {
    "x0": 530.9805770653952,
    "y0": -130.0,
    "w": 337.5,
    "h": 600.0
  },
  "run": {
    "x0": 565.4805770653952,
    "y0": -130.0,
    "x1": 762.4805770653952,
    "y1": 470.0
  },
  "arrow": [
    763.0,
    118.0,
    858.0,
    224.0
  ],
  "arrowRazed": [
    752.0,
    312.0,
    858.0,
    420.0
  ],
  "wallX": 701.48,
  "period": 36.72,
  "gateRows": [
    4,
    5
  ],
  "painted": {
    "1": "cracked",
    "7": "razed"
  },
  "exemplar": {
    "intact": 3,
    "cracked": 1,
    "razed": 7
  },
  "zones": {
    "cracked": [
      1,
      3
    ],
    "razed": [
      6,
      9
    ]
  }
}
